{"DefaultTint":{"r":0.6000000238418579,"g":0.6000000238418579,"b":0.699999988079071,"a":0.699999988079071},"FoldersData":{"Keys":["abc8455e83ff6ac41893b6787723d999","6f8f94637c18f074181eeba55fe8b7fa","6ec76134f094c764da44cad2f445175e"],"Values":[{"_guid":"abc8455e83ff6ac41893b6787723d999","_color":{"r":0.7512824535369873,"g":0.24000000953674317,"b":0.800000011920929,"a":0.699999988079071},"_recursive":true},{"_guid":"6f8f94637c18f074181eeba55fe8b7fa","_color":{"r":0.7330532670021057,"g":0.800000011920929,"b":0.24000000953674317,"a":0.699999988079071},"_recursive":true},{"_guid":"6ec76134f094c764da44cad2f445175e","_color":{"r":0.24000000953674317,"g":0.6317232847213745,"b":0.800000011920929,"a":0.699999988079071},"_recursive":true}]}}